Processors,Command,Parallel Time (s),Speedup,Efficiency
2,mpirun -np 2 -hostfile /home/debian/hostfile /home/debian/fractal_mpi -i 20000 -s 4 -cx -0.7454286 -cy 0.1130089 -z 327000 -t 0 --color_mode 5 --output_disabled -w 1080 -h 1080 -b 8,90.39643993430218,0.9912624446031736,0.4956312223015868
4,mpirun -np 4 -hostfile /home/debian/hostfile /home/debian/fractal_mpi -i 20000 -s 4 -cx -0.7454286 -cy 0.1130089 -z 327000 -t 0 --color_mode 5 --output_disabled -w 1080 -h 1080 -b 8,30.60676306569949,2.927673071482721,0.7319182678706803
8,mpirun -np 8 -hostfile /home/debian/hostfile /home/debian/fractal_mpi -i 20000 -s 4 -cx -0.7454286 -cy 0.1130089 -z 327000 -t 0 --color_mode 5 --output_disabled -w 1080 -h 1080 -b 8,13.767168696501177,6.50871635323777,0.8135895441547213
16,mpirun -np 16 -hostfile /home/debian/hostfile /home/debian/fractal_mpi -i 20000 -s 4 -cx -0.7454286 -cy 0.1130089 -z 327000 -t 0 --color_mode 5 --output_disabled -w 1080 -h 1080 -b 8,6.886950576501112,13.01106999931813,0.8131918749573831
32,mpirun -np 32 -hostfile /home/debian/hostfile /home/debian/fractal_mpi -i 20000 -s 4 -cx -0.7454286 -cy 0.1130089 -z 327000 -t 0 --color_mode 5 --output_disabled -w 1080 -h 1080 -b 8,4.030236448300275,22.23358286347971,0.694799464483741
