Processors,Command,Parallel Time (s),Speedup,Efficiency
2,mpirun -np 2 -hostfile /home/debian/hostfile /home/debian/fractal_mpi -i 20000 -s 4 -cx -0.7454286 -cy 0.1130089 -z 327000 -t 0 --color_mode 5 --output_disabled -w 1080 -h 1080 -b 64,90.31254809760067,0.9921832338941714,0.4960916169470857
4,mpirun -np 4 -hostfile /home/debian/hostfile /home/debian/fractal_mpi -i 20000 -s 4 -cx -0.7454286 -cy 0.1130089 -z 327000 -t 0 --color_mode 5 --output_disabled -w 1080 -h 1080 -b 64,30.53957045689749,2.9341144846541973,0.7335286211635493
8,mpirun -np 8 -hostfile /home/debian/hostfile /home/debian/fractal_mpi -i 20000 -s 4 -cx -0.7454286 -cy 0.1130089 -z 327000 -t 0 --color_mode 5 --output_disabled -w 1080 -h 1080 -b 64,13.52947120099925,6.6230671325929,0.8278833915741125
16,mpirun -np 16 -hostfile /home/debian/hostfile /home/debian/fractal_mpi -i 20000 -s 4 -cx -0.7454286 -cy 0.1130089 -z 327000 -t 0 --color_mode 5 --output_disabled -w 1080 -h 1080 -b 64,6.8264736725002875,13.126337305550717,0.8203960815969198
32,mpirun -np 32 -hostfile /home/debian/hostfile /home/debian/fractal_mpi -i 20000 -s 4 -cx -0.7454286 -cy 0.1130089 -z 327000 -t 0 --color_mode 5 --output_disabled -w 1080 -h 1080 -b 64,4.748673433499789,18.869816441906796,0.5896817638095874
