Processors,Command,Parallel Time (s),Speedup,Efficiency
2,mpirun -np 2 -hostfile /home/debian/hostfile /home/debian/fractal_mpi -i 20000 -s 4 -cx -0.7454286 -cy 0.1130089 -z 327000 -t 0 -b 32 --color_mode 5 -w 128 -h 128 -b 32,1.8987524622003549,0.6640898003833378,0.3320449001916689
4,mpirun -np 4 -hostfile /home/debian/hostfile /home/debian/fractal_mpi -i 20000 -s 4 -cx -0.7454286 -cy 0.1130089 -z 327000 -t 0 -b 32 --color_mode 5 -w 128 -h 128 -b 32,1.0858486641998752,1.1612503520729105,0.2903125880182276
8,mpirun -np 8 -hostfile /home/debian/hostfile /home/debian/fractal_mpi -i 20000 -s 4 -cx -0.7454286 -cy 0.1130089 -z 327000 -t 0 -b 32 --color_mode 5 -w 128 -h 128 -b 32,1.0203170211996622,1.2358336844341005,0.15447921055426256
16,mpirun -np 16 -hostfile /home/debian/hostfile /home/debian/fractal_mpi -i 20000 -s 4 -cx -0.7454286 -cy 0.1130089 -z 327000 -t 0 -b 32 --color_mode 5 -w 128 -h 128 -b 32,1.0145710798999061,1.2428327286092216,0.07767704553807635
32,mpirun -np 32 -hostfile /home/debian/hostfile /home/debian/fractal_mpi -i 20000 -s 4 -cx -0.7454286 -cy 0.1130089 -z 327000 -t 0 -b 32 --color_mode 5 -w 128 -h 128 -b 32,1.0069084299993847,1.252290780404704,0.039134086887647
