Processors,Command,Parallel Time (s),Speedup,Efficiency
2,mpirun -np 2 -hostfile /home/debian/hostfile /home/debian/fractal_mpi -i 20000 -s 4 -cx -0.7454286 -cy 0.1130089 -z 327000 -t 0 -b 32 --color_mode 5 -w 32 -h 32 -b 32,0.7347766071998194,0.10856715227211022,0.05428357613605511
4,mpirun -np 4 -hostfile /home/debian/hostfile /home/debian/fractal_mpi -i 20000 -s 4 -cx -0.7454286 -cy 0.1130089 -z 327000 -t 0 -b 32 --color_mode 5 -w 32 -h 32 -b 32,0.7194581487994582,0.11087872718234111,0.027719681795585278
8,mpirun -np 8 -hostfile /home/debian/hostfile /home/debian/fractal_mpi -i 20000 -s 4 -cx -0.7454286 -cy 0.1130089 -z 327000 -t 0 -b 32 --color_mode 5 -w 32 -h 32 -b 32,0.7597506460006116,0.10499840206754242,0.013124800258442803
16,mpirun -np 16 -hostfile /home/debian/hostfile /home/debian/fractal_mpi -i 20000 -s 4 -cx -0.7454286 -cy 0.1130089 -z 327000 -t 0 -b 32 --color_mode 5 -w 32 -h 32 -b 32,0.755642992799767,0.10556917030922001,0.006598073144326251
32,mpirun -np 32 -hostfile /home/debian/hostfile /home/debian/fractal_mpi -i 20000 -s 4 -cx -0.7454286 -cy 0.1130089 -z 327000 -t 0 -b 32 --color_mode 5 -w 32 -h 32 -b 32,0.7530325819996506,0.10593512911222787,0.003310472784757121
