Routine,Sum,Mean,Variance,StdDev
MPI_Init,1.96143,0.24518,1.48667e-05,0.00386
MPI_Comm_rank,2.2664e-05,0.00000,5.71630e-15,0.00000
MPI_Comm_size,8.53949e-06,0.00000,1.19236e-14,0.00000
MPI_Bcast,0.0347405,0.00434,3.05655e-06,0.00175
MPI_Finalize,0.420225,0.05253,4.49685e-04,0.02121
MPI_Send,0.451702,0.05646,5.23487e-04,0.02288
MPI_Recv,0.451702,0.05646,5.23487e-04,0.02288
MPI_Probe,6.28315,0.78539,1.01581e-01,0.31872
render_block,146.615,18.32690,5.48377e+01,7.40525
