Routine,Sum,Mean,Variance,StdDev
MPI_Init,1.956,0.24450,1.62173e-05,0.00403
MPI_Comm_rank,1.91757e-05,0.00000,2.21643e-15,0.00000
MPI_Comm_size,6.39489e-06,0.00000,3.24449e-15,0.00000
MPI_Bcast,0.0216631,0.00271,1.18622e-06,0.00109
MPI_Finalize,0.268119,0.03351,1.83219e-04,0.01354
MPI_Send,0.0475489,0.00594,5.91193e-06,0.00243
MPI_Probe,0.188083,0.02351,9.46839e-05,0.00973
MPI_Recv,0.0475489,0.00594,5.91193e-06,0.00243
render_block,137.457,17.18210,4.81999e+01,6.94261
