Routine,Sum,Mean,Variance,StdDev
MPI_Init,2.01492,0.25187,1.35331e-05,0.00368
MPI_Comm_rank,1.93651e-05,0.00000,1.07870e-15,0.00000
MPI_Comm_size,5.02335e-06,0.00000,5.77806e-15,0.00000
MPI_Bcast,0.0354399,0.00443,3.17999e-06,0.00178
MPI_Finalize,15.1912,1.89890,2.01620e+00,1.41993
MPI_Send,0.00402743,0.00050,1.37961e-07,0.00037
MPI_Probe,0.127127,0.01589,7.55630e-05,0.00869
MPI_Recv,0.00402743,0.00050,1.37961e-07,0.00037
render_block,135.033,16.87910,4.79528e+01,6.92480
